Date,Developer,Project,Sprint,Page,Module,Submodule,Task ID,Task Description,Frontend Status,Backend Status,Database Status,API Status,Testing Status,Priority,Estimated Hours,Actual Hours,Completion %,Current Status,Blockers,Start Date,Target Date,Remarks,This Week Completed,This Week Update,Next Week Plan,Google Sheet Import Status
25-06-2026,Akshay / Full-stack,Project Management,Sprint 1,All,Architecture,Baseline,IMP-001,Create durable project baseline and Google Sheets import pack,Completed,Completed,Completed,Completed,Completed,Critical,8,8,100,Completed,,22-06-2026,22-06-2026,"15 trackers, reports, state file",Yes,Completed - 100%,,Auto-filled from project tracker
25-06-2026,Akshay / Full-stack,Campaign Workflow,Sprint 1,Dashboard,Schedule Modal,Schedule Details,IMP-002,Finish four-column schedule details layout and six-column delivery settings,In Progress,N/A,N/A,N/A,In Progress,High,4,,80,In Progress,Current uncommitted workflow changes,22-06-2026,23-06-2026,Stable schedule modal across desktop/mobile,,In Progress - 80%,,Auto-filled from project tracker
25-06-2026,Akshay / Full-stack,Engineering Quality,Sprint 1,All,Linting,ESLint,IMP-003,Commit a non-interactive ESLint configuration and resolve baseline violations,Not Started,Not Started,N/A,Not Started,Not Started,Critical,8,,0,Not Started,,22-06-2026,24-06-2026,npm run lint passes unattended,,Not Started - 0%,,Auto-filled from project tracker
25-06-2026,Akshay / Full-stack,Engineering Quality,Sprint 1,All,Build,Production Build,IMP-004,Run clean production build and document warnings,Not Started,Not Started,Not Started,Not Started,Not Started,Critical,6,,0,Not Started,"IMP-002, IMP-003",23-06-2026,24-06-2026,next build succeeds cleanly,,Not Started - 0%,,Auto-filled from project tracker
25-06-2026,Akshay / Full-stack,QA Foundation,Sprint 1,All,Testing,Test Strategy,IMP-005,"Define test pyramid, fixtures, environments, and release gates",Not Started,Not Started,Not Started,Not Started,Not Started,Critical,8,,0,Not Started,IMP-001,23-06-2026,25-06-2026,Approved QA strategy,,Not Started - 0%,,Auto-filled from project tracker
25-06-2026,Akshay / Full-stack,Authentication,Sprint 1,Login and account pages,Auth,RBAC,IMP-006,"Automate login, logout, session, role routing, pending and disabled account flows",Not Started,Not Started,Not Started,Not Started,Not Started,Critical,18,,0,Not Started,IMP-005,24-06-2026,29-06-2026,Verified USER/MANAGER/ADMIN access matrix,,Not Started - 0%,Planned / continues next week,Auto-filled from project tracker
25-06-2026,Akshay / Full-stack,Security,Sprint 1,All,Secrets and Tokens,Security Audit,IMP-007,"Audit cookie flags, JWT expiry, token crypto, password reset and secret handling",Not Started,Not Started,Not Started,Not Started,Not Started,Critical,20,,0,Not Started,IMP-006,26-06-2026,02-07-2026,Security findings closed or accepted,,Not Started - 0%,Planned / continues next week,Auto-filled from project tracker
25-06-2026,Akshay / Full-stack,Client Data,Sprint 1,Client Data,Upload,File Validation,IMP-008,"Harden XLSX/CSV upload, preview, commit and validation errors",In Progress,In Progress,In Progress,In Progress,In Progress,High,24,,70,In Progress,IMP-005,25-06-2026,02-07-2026,Reliable upload pipeline,,In Progress - 70%,Planned / continues next week,Auto-filled from project tracker
25-06-2026,Akshay / Full-stack,Client Data,Sprint 1,Client List,Records,CRUD and Duplicates,IMP-009,"Verify bulk edit/delete, duplicate detection, bin and restore workflows",In Progress,In Progress,In Progress,In Progress,In Progress,High,28,,68,In Progress,IMP-008,28-06-2026,06-07-2026,Data operations are reversible and scoped,,In Progress - 68%,Planned / continues next week,Auto-filled from project tracker
25-06-2026,Akshay / Full-stack,Drafts,Sprint 1,Drafts,Editor,Rich Text,IMP-010,"Stabilize draft editor, templates, file text extraction and preview",In Progress,In Progress,In Progress,In Progress,In Progress,High,24,,75,In Progress,IMP-005,29-06-2026,06-07-2026,Safe reusable draft workflow,,,Planned / continues next week,Auto-filled from project tracker
25-06-2026,Akshay / Full-stack,Campaigns,Sprint 1,Campaign Wizard,Creation,Preflight,IMP-011,"Validate audience, sender, content, credits and scheduling before creation",In Progress,In Progress,In Progress,In Progress,In Progress,Critical,30,,72,In Progress,"IMP-006, IMP-008, IMP-010",30-06-2026,09-07-2026,Campaign creation cannot enter invalid state,,,Planned / continues next week,Auto-filled from project tracker
25-06-2026,Akshay / Full-stack,Campaigns,Sprint 1,Broadcasts,Execution,Worker Lifecycle,IMP-012,"Test queue, locks, heartbeat, stale recovery, pause, resume, stop and completion",In Progress,In Progress,In Progress,In Progress,In Progress,Critical,40,,65,In Progress,IMP-011,04-07-2026,16-07-2026,Recoverable exactly-once-oriented execution,,,Planned / continues next week,Auto-filled from project tracker
25-06-2026,Akshay / Full-stack,Campaigns,Roadmap Backlog,Broadcasts,Delivery,Recipient Safety,IMP-013,"Verify recipient claims, global send locks, dedupe and retry classification",In Progress,In Progress,In Progress,In Progress,In Progress,Critical,32,,62,In Progress,IMP-012,09-07-2026,20-07-2026,No accidental duplicate sends,,,,Auto-filled from project tracker
25-06-2026,Akshay / Full-stack,Campaigns,Roadmap Backlog,Reports,Tracking,Open/Click/Reply,IMP-014,"Validate tracking pixels, event endpoints, reply sync and campaign attribution",In Progress,In Progress,In Progress,In Progress,In Progress,High,28,,65,In Progress,IMP-012,14-07-2026,25-07-2026,Trustworthy campaign analytics,,,,Auto-filled from project tracker
25-06-2026,Akshay / Full-stack,Mail Accounts,Sprint 1,Sender Emails,Connections,SMTP and Graph,IMP-015,"Stabilize sender account creation, OAuth callback, token refresh and status",In Progress,In Progress,In Progress,In Progress,In Progress,Critical,36,,70,In Progress,IMP-006,06-07-2026,20-07-2026,Reliable connected sender accounts,,,,Auto-filled from project tracker
25-06-2026,Akshay / Full-stack,Mailbox,Roadmap Backlog,Master Inbox,Messages,Unified Inbox,IMP-016,"Validate folder sync, cache, pagination, read/archive/delete/reply/forward/send",In Progress,In Progress,In Progress,In Progress,In Progress,High,40,,68,In Progress,IMP-015,17-07-2026,01-08-2026,Consistent inbox across supported providers,,,,Auto-filled from project tracker
25-06-2026,Akshay / Full-stack,Warm-up,Roadmap Backlog,Warm-up,Automation,Conversations,IMP-017,"Validate sheets, senders, conversations, run-next, pause/stop and auto replies",In Progress,In Progress,In Progress,In Progress,In Progress,High,40,,60,In Progress,IMP-015,21-07-2026,06-08-2026,Controlled and auditable warm-up engine,,,,Auto-filled from project tracker
25-06-2026,Akshay / Full-stack,Admin,Roadmap Backlog,Admin Dashboard,User Management,Lifecycle,IMP-018,"Test request approval, status, password reset, subscription and scoped resource views",In Progress,In Progress,In Progress,In Progress,In Progress,High,30,,72,In Progress,IMP-006,22-07-2026,03-08-2026,Safe admin operations,,,,Auto-filled from project tracker
25-06-2026,Akshay / Full-stack,Billing,Roadmap Backlog,Profile and Admin,Credits,Ledger,IMP-019,"Validate subscriptions, upgrades, invoices, credit reservation and reports",In Progress,In Progress,In Progress,In Progress,In Progress,Critical,32,,66,In Progress,IMP-012,27-07-2026,10-08-2026,Auditable credit accounting,,,,Auto-filled from project tracker
25-06-2026,Akshay / Full-stack,Reporting,Roadmap Backlog,Reports and Summary,Analytics,Dashboards,IMP-020,"Reconcile dashboard, campaign, project, sender, warm-up and credit metrics",In Progress,In Progress,In Progress,In Progress,In Progress,High,36,,64,In Progress,"IMP-014, IMP-019",01-08-2026,17-08-2026,Consistent stakeholder reporting,,,,Auto-filled from project tracker
25-06-2026,Akshay / Full-stack,Productivity,Roadmap Backlog,Dashboard,Tasks and Calendar,Planning,IMP-021,"Validate timeline tasks, calendar events, work updates and approvals",In Progress,In Progress,In Progress,In Progress,In Progress,Medium,28,,70,In Progress,IMP-006,06-08-2026,19-08-2026,Reliable internal planning workflow,,,,Auto-filled from project tracker
25-06-2026,Akshay / Full-stack,Performance,Roadmap Backlog,All,Frontend,Bundle and Rendering,IMP-022,"Profile large dashboard component, CSS size, rerenders and route payloads",Not Started,Not Started,N/A,Not Started,Not Started,High,40,,0,Not Started,IMP-004,11-08-2026,27-08-2026,Measured performance budget achieved,,,,Auto-filled from project tracker
25-06-2026,Akshay / Full-stack,Performance,Roadmap Backlog,All,Backend,Database Queries,IMP-023,"Profile slow queries and validate indexes for campaign, client data, inbox and reports",N/A,Not Started,Not Started,Not Started,Not Started,High,36,,0,Not Started,"IMP-012, IMP-016, IMP-020",15-08-2026,31-08-2026,Documented query SLOs,,,,Auto-filled from project tracker
25-06-2026,Akshay / Full-stack,Observability,Roadmap Backlog,Operations,Logging,Health and Alerts,IMP-024,"Standardize structured logs, correlation IDs, worker health, queue alerts and dashboards",Not Started,Not Started,Not Started,Not Started,Not Started,High,32,,0,Not Started,IMP-012,21-08-2026,05-09-2026,Actionable production telemetry,,,,Auto-filled from project tracker
25-06-2026,Akshay / Full-stack,CI/CD,Roadmap Backlog,Repository,Pipeline,Quality Gates,IMP-025,"Add install, lint, test, build, secret scan and artifact checks",Not Started,Not Started,Not Started,Not Started,Not Started,Critical,28,,0,Not Started,"IMP-003, IMP-005",24-08-2026,07-09-2026,Every change gets repeatable validation,,,,Auto-filled from project tracker
25-06-2026,Akshay / Full-stack,Deployment,Roadmap Backlog,AWS ECS,Web and Worker,Immutable Release,IMP-026,"Validate Docker build, ECS task definitions, secrets, rollbacks and worker singleton",In Progress,In Progress,In Progress,In Progress,In Progress,Critical,36,,45,In Progress,"IMP-024, IMP-025",31-08-2026,14-09-2026,Repeatable staging deployment,,,,Auto-filled from project tracker
25-06-2026,Akshay / Full-stack,Data Reliability,Roadmap Backlog,MongoDB,Recovery,Backup and Migration,IMP-027,"Create schema migration policy, backup/restore test and data retention rules",N/A,Not Started,Not Started,Not Started,Not Started,Critical,32,,0,Not Started,IMP-023,29-08-2026,12-09-2026,Proven recovery procedure,,,,Auto-filled from project tracker
25-06-2026,Akshay / Full-stack,Legacy Cleanup,Roadmap Backlog,Repository,Legacy Apps,Decommission,IMP-028,"Decide and execute retirement path for legacy dashboard, Python automation and standalone campaign engine",Not Started,Not Started,Not Started,Not Started,Not Started,Medium,24,,0,Not Started,"IMP-026, IMP-027",05-09-2026,18-09-2026,Single supported production architecture,,,,Auto-filled from project tracker
25-06-2026,Akshay / Full-stack,Accessibility,Roadmap Backlog,All Pages,UI,WCAG,IMP-029,"Complete keyboard, focus, contrast, labels, modal and reduced-motion audit",Not Started,N/A,N/A,N/A,Not Started,High,36,,0,Not Started,IMP-004,19-08-2026,06-09-2026,WCAG 2.1 AA critical paths,,,,Auto-filled from project tracker
25-06-2026,Akshay / Full-stack,Responsive UI,Sprint 1,All Pages,UI,Viewport Matrix,IMP-030,"Execute manual QA at 320, 375, 430, 768, 1024, 1280, 1440 and 1920 pixels",In Progress,N/A,N/A,N/A,In Progress,High,32,,35,In Progress,"IMP-002, IMP-004",24-06-2026,04-07-2026,Signed responsive test matrix,,In Progress - 35%,Planned / continues next week,Auto-filled from project tracker
25-06-2026,Akshay / Full-stack,Release,Roadmap Backlog,All,UAT,Business Acceptance,IMP-031,Run role-based UAT with realistic data and production-like sender accounts,Not Started,Not Started,Not Started,Not Started,Not Started,Critical,40,,0,Not Started,IMP-006 through IMP-030,08-09-2026,22-09-2026,Signed UAT report,,,,Auto-filled from project tracker
25-06-2026,Akshay / Full-stack,Release,Roadmap Backlog,Production,Go-live,Release Candidate,IMP-032,"Freeze scope, close critical defects, rehearse rollback and deploy",Not Started,Not Started,Not Started,Not Started,Not Started,Critical,32,,0,Not Started,IMP-031,20-09-2026,26-09-2026,Production release with rollback readiness,,,,Auto-filled from project tracker
25-06-2026,Akshay / Full-stack,Release,Roadmap Backlog,Production,Hypercare,Stabilization,IMP-033,"Monitor delivery, errors, credits, worker queues and inbox sync after launch",Not Started,Not Started,Not Started,Not Started,Not Started,High,40,,0,Not Started,IMP-032,27-09-2026,04-10-2026,Stable seven-day production window,,,,Auto-filled from project tracker
25-06-2026,Akshay / Full-stack,Project Management,Sprint 1,All,Google Sheets Import,Excel Date Format,IMP-034,Fix Excel and Google Sheets import date formatting and weekly auto-fill summaries,Completed,N/A,N/A,N/A,Completed,High,4,4,100,Completed,IMP-001,23-06-2026,24-06-2026,"Existing workbook, CSV tabs, ZIP packs, and extracted import folders show exact yyyy-mm-dd dates",Yes,Completed - 100%,,Auto-filled from project tracker
